{"val_loss": [167.90963862440017, 9.296158585529216, 4.43245210485582, 4.582530633860738, 4.114525519581208, 4.072013280729551, 3.842767542475401, 3.792227139897148, 3.961466656447416, 3.6164404992072456, 3.927199342392575, 3.659249198506014, 4.059780404564521, 3.545772131074471, 3.149024382306893, 3.3833832523361296, 2.9119240779348075, 2.9174774434878774, 2.9611120177104, 2.926062039621291, 2.96861328735488, 2.775673916790706, 2.807934587642344, 2.767362469906353, 2.8432476510946167, 2.8473920108060193, 2.686107051335225, 2.8459792147803955, 2.504568886746239, 2.4377373018379878, 2.497765408278471, 2.4393271167842094, 2.318911364849092, 2.3497408680154854, 2.199161018172065, 2.177369907918017, 2.0172046557781576, 2.1219693608298917, 2.0920459509002454, 1.9732480330503461, 2.200757761325589, 2.096040080368492, 1.9043854081209717, 2.073738476288974, 1.8988560355556934, 2.0741995189890137, 2.0037660276884472, 1.9406364684558948, 1.990713179830893, 1.8075283766325745], "loss": [353.50852739622565, 67.42174982258096, 5.485782793173259, 4.6733340930990686, 4.443042612503346, 4.252234653536772, 4.1174833609573955, 4.141954004047069, 3.8816175545614824, 3.881010938471409, 3.64816666450166, 3.67912695050836, 3.536482060227829, 3.448200874380107, 3.4217012927018087, 3.3954644502464126, 3.2973031881701544, 3.1699211473550473, 3.2003485348034846, 3.10449011606808, 3.117497405331716, 2.997834532849176, 2.8691206165117573, 2.9069034076170444, 2.827389938856013, 2.837010369031799, 2.743857882390991, 2.7174597209905476, 2.669374349679813, 2.6393325604129676, 2.5615982760963547, 2.4843172116448966, 2.5483822425974183, 2.491409299395712, 2.4472016001572054, 2.4147296826410845, 2.323984680874018, 2.328622481228545, 2.3227106520861156, 2.227094334928184, 2.2561681953600625, 2.214562002732754, 2.18846519498749, 2.136278799102548, 2.1326247790938426, 2.0661116314836647, 2.124543825171173, 2.0892520154479732, 2.0573574500930265, 1.997521321935451], "val_acc": [0.9678140367095258, 0.7952615105791394, 0.941439427858386, 0.915511846382489, 0.9034421099420632, 0.9387572637135075, 0.9208761732067762, 0.9606615998780136, 0.9159588736511524, 0.9432275364001415, 0.8430934288057302, 0.9360751003946212, 0.8569512740010707, 0.9128296823708352, 0.9508270002072231, 0.9275815825831106, 0.9342869910268736, 0.9655788998866006, 0.9570853820750902, 0.9512740275291763, 0.962449709245761, 0.9530621365505401, 0.9539561914875404, 0.9597675453939766, 0.9593205183118275, 0.9468037546027384, 0.9222172547729621, 0.9512740278222702, 0.966025927155264, 0.9494859181614289, 0.9468037550823466, 0.9333929368359306, 0.9521680818799888, 0.9642378185602187, 0.9602145732488279, 0.9481448368883367, 0.9718372818344024, 0.944121591523656, 0.9664729546637315, 0.9669199817458807, 0.9400983455727875, 0.9512740275291763, 0.9588734911497437, 0.9664729543706376, 0.9669199816925909, 0.9333929368359306, 0.9548502459715774, 0.9548502459182876, 0.9624497090059569, 0.9606615999845932], "acc": [0.7812948927527616, 0.9276266904030086, 0.8349928172186106, 0.8608015059668933, 0.8743745975014406, 0.879328280535272, 0.8882449101378944, 0.883093079763813, 0.8972110764441875, 0.8955763610834742, 0.9041957695723797, 0.8962698766326234, 0.9039480854192118, 0.9092485263176728, 0.9091989894663708, 0.9058304850246244, 0.9084559369891514, 0.9126665675930054, 0.90721751623217, 0.9133600832514017, 0.9048397483824266, 0.9136077674340959, 0.9209392183176704, 0.9167781245444501, 0.9144003566651806, 0.911774904641601, 0.9197998712130983, 0.9148461881497406, 0.9172239559699576, 0.9181156189715567, 0.9182146926239659, 0.9256452171776656, 0.9134591568418059, 0.9148461881497406, 0.9184623768066601, 0.9178183979877552, 0.923366523039384, 0.9201961658788352, 0.9196512607211975, 0.9272799326594366, 0.9205924604737092, 0.9222767127447771, 0.9208896815077052, 0.9213355129125445, 0.9230197652544753, 0.9264378065386658, 0.9185614503970642, 0.920988755148304, 0.9212364393309982, 0.9244563333133228]}