{"val_loss": [1.5449930342596239, 1.4856352782643796, 1.4600147535399128, 1.4458358741840402, 1.4348649992493043], "loss": [1.6980751420801163, 1.5405135295387185, 1.5013798282400026, 1.4815738783635255, 1.470087717078667], "val_acc": [0.985248100187398, 0.985248100187398, 0.9861421547247248, 0.9856951274560614, 0.9848010729187346], "acc": [0.9703274384563932, 0.9751820481301252, 0.9742903849070793, 0.9747857532193203, 0.9734977958885835]}